# PNIPAM (poly(N-isopropylacrylamide)) brush, hydrated/swollen state
# Tabulated n,k measured by spectroscopic ellipsometry
# Source: refnx/refellips (github.com/refnx/refellips), materials/pnipam.csv, MIT-licensed
# Real measured optical constants -- not a fitted analytic model
wavelength_nm,n,k
339.9770,1.536536,0.004926
341.5760,1.535983,0.004887
343.1760,1.535440,0.004848
344.7750,1.534908,0.00481
346.3740,1.534384,0.004773
347.9740,1.533871,0.004737
349.5730,1.533366,0.004701
351.1720,1.532870,0.004665
352.7710,1.532383,0.004631
354.3700,1.531904,0.004596
355.9690,1.531434,0.004563
357.5680,1.530972,0.00453
359.1680,1.530517,0.004497
360.7670,1.530071,0.004465
362.3650,1.529632,0.004434
363.9640,1.529200,0.004403
365.5630,1.528776,0.004372
367.1620,1.528359,0.004342
368.7610,1.527949,0.004312
370.3600,1.527545,0.004283
371.9580,1.527148,0.004254
373.5570,1.526758,0.004226
375.1560,1.526374,0.004198
376.7540,1.525996,0.004171
378.3530,1.525624,0.004144
379.9520,1.525259,0.004117
381.5500,1.524899,0.004091
383.1480,1.524544,0.004065
384.7470,1.524196,0.00404
386.3450,1.523852,0.004015
387.9440,1.523514,0.00399
389.5420,1.523182,0.003966
391.1400,1.522854,0.003941
392.7380,1.522532,0.003918
394.3360,1.522214,0.003894
395.9350,1.521901,0.003871
397.5330,1.521593,0.003849
399.1310,1.521290,0.003826
400.7290,1.520991,0.003804
402.3260,1.520697,0.003782
403.9240,1.520407,0.003761
405.5220,1.520121,0.00374
407.1200,1.519840,0.003719
408.7180,1.519562,0.003698
410.3150,1.519289,0.003678
411.9130,1.519019,0.003658
413.5100,1.518754,0.003638
415.1080,1.518492,0.003618
416.7050,1.518234,0.003599
418.3030,1.517980,0.00358
419.9000,1.517729,0.003561
421.4970,1.517482,0.003543
423.0950,1.517238,0.003524
424.6920,1.516997,0.003506
426.2890,1.516760,0.003488
427.8860,1.516526,0.003471
429.4830,1.516296,0.003453
431.0800,1.516068,0.003436
432.6770,1.515844,0.003419
434.2740,1.515623,0.003402
435.8700,1.515405,0.003386
437.4670,1.515189,0.003369
439.0640,1.514977,0.003353
440.6600,1.514767,0.003337
442.2570,1.514560,0.003321
443.8530,1.514356,0.003306
445.4500,1.514155,0.00329
447.0460,1.513956,0.003275
448.6420,1.513759,0.00326
450.2380,1.513566,0.003245
451.8340,1.513374,0.00323
453.4310,1.513186,0.003216
455.0270,1.512999,0.003201
456.6220,1.512815,0.003187
458.2180,1.512634,0.003173
459.8140,1.512454,0.003159
461.4100,1.512277,0.003145
463.0060,1.512102,0.003132
464.6010,1.511930,0.003118
466.1970,1.511759,0.003105
467.7920,1.511591,0.003092
469.3880,1.511424,0.003079
470.9830,1.511260,0.003066
472.5780,1.511098,0.003053
474.1730,1.510937,0.003041
475.7680,1.510779,0.003028
477.3630,1.510622,0.003016
478.9580,1.510468,0.003004
480.5530,1.510315,0.002992
482.1480,1.510164,0.00298
483.7430,1.510015,0.002968
485.3370,1.509867,0.002957
486.9320,1.509722,0.002945
488.5260,1.509578,0.002934
490.1210,1.509435,0.002922
491.7150,1.509295,0.002911
493.3090,1.509156,0.0029
494.9040,1.509018,0.002889
496.4980,1.508882,0.002878
498.0920,1.508748,0.002868
499.6860,1.508615,0.002857
501.2790,1.508484,0.002846
502.8730,1.508354,0.002836
504.4670,1.508226,0.002826
506.0610,1.508099,0.002815
507.6540,1.507974,0.002805
509.2480,1.507850,0.002795
510.8410,1.507727,0.002785
512.4340,1.507606,0.002776
514.0270,1.507486,0.002766
515.6200,1.507367,0.002756
517.2140,1.507250,0.002747
518.8060,1.507134,0.002737
520.3990,1.507019,0.002728
521.9920,1.506905,0.002719
523.5850,1.506793,0.00271
525.1770,1.506682,0.002701
526.7700,1.506572,0.002692
528.3620,1.506463,0.002683
529.9540,1.506355,0.002674
531.5470,1.506249,0.002665
533.1390,1.506143,0.002656
534.7310,1.506039,0.002648
536.3230,1.505936,0.002639
537.9150,1.505834,0.002631
539.5060,1.505733,0.002623
541.0980,1.505633,0.002614
542.6900,1.505534,0.002606
544.2810,1.505436,0.002598
545.8720,1.505339,0.00259
547.4640,1.505243,0.002582
549.0550,1.505148,0.002574
550.6460,1.505054,0.002566
552.2370,1.504961,0.002558
553.8280,1.504868,0.002551
555.4190,1.504777,0.002543
557.0090,1.504687,0.002536
558.6000,1.504597,0.002528
560.1900,1.504509,0.002521
561.7810,1.504421,0.002513
563.3710,1.504334,0.002506
564.9610,1.504248,0.002499
566.5510,1.504163,0.002491
568.1410,1.504079,0.002484
569.7310,1.503996,0.002477
571.3210,1.503913,0.00247
572.9100,1.503831,0.002463
574.5000,1.503750,0.002456
576.0890,1.503670,0.00245
577.6790,1.503590,0.002443
579.2680,1.503511,0.002436
580.8570,1.503433,0.00243
582.4460,1.503356,0.002423
584.0350,1.503279,0.002416
585.6240,1.503204,0.00241
587.2120,1.503129,0.002403
588.8010,1.503054,0.002397
590.3890,1.502980,0.002391
591.9780,1.502907,0.002384
593.5660,1.502835,0.002378
595.1540,1.502763,0.002372
596.7420,1.502692,0.002366
598.3300,1.502622,0.00236
599.9180,1.502552,0.002354
601.5050,1.502483,0.002348
603.0930,1.502414,0.002342
604.6810,1.502347,0.002336
606.2680,1.502279,0.00233
607.8550,1.502213,0.002324
609.4420,1.502147,0.002318
611.0290,1.502081,0.002313
612.6160,1.502016,0.002307
614.2030,1.501952,0.002301
615.7890,1.501888,0.002296
617.3760,1.501825,0.00229
618.9620,1.501762,0.002285
620.5480,1.501700,0.002279
622.1350,1.501639,0.002274
623.7210,1.501578,0.002269
625.3060,1.501517,0.002263
626.8920,1.501457,0.002258
628.4780,1.501398,0.002253
630.0630,1.501339,0.002247
631.6490,1.501281,0.002242
633.2340,1.501223,0.002237
634.8190,1.501165,0.002232
636.4040,1.501108,0.002227
637.9890,1.501052,0.002222
639.5740,1.500996,0.002217
641.1590,1.500940,0.002212
642.7430,1.500885,0.002207
644.3270,1.500831,0.002202
645.9120,1.500777,0.002197
647.4960,1.500723,0.002192
649.0800,1.500670,0.002188
650.6640,1.500617,0.002183
652.2470,1.500565,0.002178
653.8310,1.500513,0.002174
655.4140,1.500461,0.002169
656.9980,1.500410,0.002164
658.5810,1.500360,0.00216
660.1640,1.500309,0.002155
661.7470,1.500260,0.002151
663.3300,1.500210,0.002146
664.9120,1.500161,0.002142
666.4950,1.500113,0.002137
668.0770,1.500064,0.002133
669.6600,1.500017,0.002128
671.2420,1.499969,0.002124
672.8240,1.499922,0.00212
674.4050,1.499875,0.002116
675.9870,1.499829,0.002111
677.5690,1.499783,0.002107
679.1500,1.499737,0.002103
680.7310,1.499692,0.002099
682.3130,1.499647,0.002095
683.8930,1.499603,0.00209
685.4740,1.499558,0.002086
687.0550,1.499515,0.002082
688.6360,1.499471,0.002078
690.2160,1.499428,0.002074
691.7960,1.499385,0.00207
693.3760,1.499343,0.002066
694.9560,1.499300,0.002062
696.5360,1.499259,0.002059
698.1160,1.499217,0.002055
699.6950,1.499176,0.002051
701.2750,1.499135,0.002047
702.8540,1.499094,0.002043
704.4330,1.499054,0.002039
706.0120,1.499014,0.002036
707.5910,1.498974,0.002032
709.1700,1.498935,0.002028
710.7480,1.498896,0.002025
712.3260,1.498857,0.002021
713.9050,1.498818,0.002017
715.4830,1.498780,0.002014
717.0610,1.498742,0.00201
718.6380,1.498704,0.002007
720.2160,1.498667,0.002003
721.7930,1.498630,0.002
723.3710,1.498593,0.001996
724.9480,1.498556,0.001993
726.5250,1.498520,0.001989
728.1010,1.498484,0.001986
729.6780,1.498448,0.001982
731.2550,1.498413,0.001979
732.8310,1.498377,0.001975
734.4070,1.498342,0.001972
735.9830,1.498308,0.001969
737.5590,1.498273,0.001965
739.1350,1.498239,0.001962
740.7100,1.498205,0.001959
742.2860,1.498171,0.001956
743.8610,1.498137,0.001952
745.4360,1.498104,0.001949
747.0110,1.498071,0.001946
748.5850,1.498038,0.001943
750.1600,1.498006,0.00194
751.7340,1.497973,0.001937
753.3080,1.497941,0.001933
754.8830,1.497909,0.00193
756.4560,1.497877,0.001927
758.0300,1.497846,0.001924
759.6040,1.497815,0.001921
761.1770,1.497783,0.001918
762.7500,1.497753,0.001915
764.3230,1.497722,0.001912
765.8960,1.497692,0.001909
767.4690,1.497661,0.001906
769.0420,1.497631,0.001903
770.6140,1.497601,0.0019
772.1860,1.497572,0.001897
773.7580,1.497542,0.001895
775.3300,1.497513,0.001892
776.9020,1.497484,0.001889
778.4730,1.497455,0.001886
780.0450,1.497427,0.001883
781.6160,1.497398,0.00188
783.1870,1.497370,0.001878
784.7580,1.497342,0.001875
786.3280,1.497314,0.001872
787.8990,1.497286,0.001869
789.4690,1.497259,0.001867
791.0390,1.497232,0.001864
792.6090,1.497204,0.001861
794.1790,1.497177,0.001858
795.7480,1.497151,0.001856
797.3180,1.497124,0.001853
798.8870,1.497098,0.00185
800.4560,1.497071,0.001848
802.0250,1.497045,0.001845
803.5930,1.497019,0.001843
805.1620,1.496994,0.00184
806.7300,1.496968,0.001837
808.2980,1.496943,0.001835
809.8660,1.496917,0.001832
811.4340,1.496892,0.00183
813.0010,1.496867,0.001827
814.5690,1.496843,0.001825
816.1360,1.496818,0.001822
817.7030,1.496793,0.00182
819.2700,1.496769,0.001817
820.8360,1.496745,0.001815
822.4030,1.496721,0.001812
823.9690,1.496697,0.00181
825.5350,1.496673,0.001808
827.1010,1.496650,0.001805
828.6670,1.496626,0.001803
830.2320,1.496603,0.0018
831.7980,1.496580,0.001798
833.3630,1.496557,0.001796
834.9280,1.496534,0.001793
836.4920,1.496511,0.001791
838.0570,1.496489,0.001789
839.6210,1.496467,0.001786
841.1850,1.496444,0.001784
842.7490,1.496422,0.001782
844.3130,1.496400,0.00178
845.8770,1.496378,0.001777
847.4400,1.496356,0.001775
849.0030,1.496335,0.001773
850.5660,1.496313,0.001771
852.1290,1.496292,0.001768
853.6910,1.496271,0.001766
855.2540,1.496250,0.001764
856.8160,1.496229,0.001762
858.3780,1.496208,0.00176
859.9400,1.496187,0.001758
861.5010,1.496167,0.001755
863.0630,1.496146,0.001753
864.6240,1.496126,0.001751
866.1850,1.496106,0.001749
867.7450,1.496086,0.001747
869.3060,1.496065,0.001745
870.8660,1.496046,0.001743
872.4260,1.496026,0.001741
873.9860,1.496006,0.001739
875.5460,1.495987,0.001737
877.1060,1.495967,0.001735
878.6650,1.495948,0.001733
880.2240,1.495929,0.00173
881.7830,1.495910,0.001728
883.3410,1.495891,0.001726
884.9000,1.495872,0.001724
886.4580,1.495853,0.001722
888.0160,1.495835,0.001721
889.5740,1.495816,0.001719
891.1320,1.495798,0.001717
892.6890,1.495779,0.001715
894.2460,1.495761,0.001713
895.8030,1.495743,0.001711
897.3600,1.495725,0.001709
898.9170,1.495707,0.001707
900.4730,1.495690,0.001705
